October 03, 2015 at 09:12PM	@DrGrindberg	RT @EricTopol: Evolution of a true stethoscope 1816-2015, from analog tube for sounds to smartphone ultrasound to see http://t.co/sTUVJgCUoa	http://twitter.com/DrGrindberg/status/650387912635359232
October 03, 2015 at 09:08PM	@echopenorg	RT millergiraldo: RT EricTopol: Evolution of a true stethoscope 1816-2015, from analog tube for sounds to smartpho… http://t.co/aognafqN3j	http://twitter.com/echopenorg/status/650386893738246144
October 03, 2015 at 09:24PM	@soniaebenitez	RT @EricTopol: Evolution of a true stethoscope 1816-2015, from analog tube for sounds to smartphone ultrasound to see http://t.co/sTUVJgCUoa	http://twitter.com/soniaebenitez/status/650390866566250496
October 03, 2015 at 09:08PM	@echopenorg	RT JCMSamos: RT EricTopol: Evolution of a true stethoscope 1816-2015, from analog tube for sounds to smartphone ul… http://t.co/aognafqN3j	http://twitter.com/echopenorg/status/650386895290146816
October 03, 2015 at 09:08PM	@echopenorg	RT josejgdnews: RT EricTopol: Evolution of a true stethoscope 1816-2015, from analog tube for sounds to smartphone… http://t.co/aognafqN3j	http://twitter.com/echopenorg/status/650386896355487744
October 03, 2015 at 09:08PM	@echopenorg	RT vic_pallares: RT EricTopol: Evolution of a true stethoscope 1816-2015, from analog tube for sounds to smartphon… http://t.co/aognafqN3j	http://twitter.com/echopenorg/status/650386897370529792
October 04, 2015 at 08:50PM	@mktsociale	RT @EricTopol: Evolution of a true stethoscope 1816-2015, from analog tube for sounds to smartphone ultrasound to see http://t.co/sTUVJgCUoa	http://twitter.com/mktsociale/status/650744766385233920